INSERT INTO departamento (direccion,codigo_postal) VALUES ('Calle AISEN',6000000);
INSERT INTO departamento (direccion,codigo_postal) VALUES ('Calle ALGARROBO',2710000);
INSERT INTO departamento (direccion,codigo_postal) VALUES ('Calle ALHUE',9650000);
INSERT INTO departamento (direccion,codigo_postal) VALUES ('Calle ALTO BIOBIO',4590000);
INSERT INTO departamento (direccion,codigo_postal) VALUES ('Calle ALTO DEL CARMEN',1650000);
INSERT INTO departamento (direccion,codigo_postal) VALUES ('Calle ALTO HOSPICIO',1130000);
INSERT INTO departamento (direccion,codigo_postal) VALUES ('Calle ANCUD',5710000);
INSERT INTO departamento (direccion,codigo_postal) VALUES ('Calle ANDACOLLO',1750000);
INSERT INTO departamento (direccion,codigo_postal) VALUES ('Calle ANGOL',4650000);
INSERT INTO departamento (direccion,codigo_postal) VALUES ('Calle ANTARTICA',6360000);
INSERT INTO departamento (direccion,codigo_postal) VALUES ('Calle ANTOFAGASTA',1240000);
INSERT INTO departamento (direccion,codigo_postal) VALUES ('Calle ANTUCO',4490000);
INSERT INTO departamento (direccion,codigo_postal) VALUES ('Calle ARAUCO',4360000);
INSERT INTO departamento (direccion,codigo_postal) VALUES ('Calle ARICA',1000000);
INSERT INTO departamento (direccion,codigo_postal) VALUES ('Calle BUIN',9500000);
INSERT INTO departamento (direccion,codigo_postal) VALUES ('Calle BULNES',3930000);
INSERT INTO departamento (direccion,codigo_postal) VALUES ('Calle CABILDO',2050000);
INSERT INTO departamento (direccion,codigo_postal) VALUES ('Calle CABRERO',4470000);
INSERT INTO departamento (direccion,codigo_postal) VALUES ('Calle CALAMA',1390000);
INSERT INTO departamento (direccion,codigo_postal) VALUES ('Calle CALBUCO',5570000);
INSERT INTO departamento (direccion,codigo_postal) VALUES ('Calle CALDERA',1570000);
INSERT INTO departamento (direccion,codigo_postal) VALUES ('Calle CALERA',2290000);
INSERT INTO departamento (direccion,codigo_postal) VALUES ('Calle CALERA DE TANGO',9560000);
INSERT INTO departamento (direccion,codigo_postal) VALUES ('Calle LARGA',2130000);
INSERT INTO departamento (direccion,codigo_postal) VALUES ('Calle CAMARONES',1040000);
INSERT INTO departamento (direccion,codigo_postal) VALUES ('Calle CAMINA',1150000);
INSERT INTO departamento (direccion,codigo_postal) VALUES ('Calle CANELA',1960000);
INSERT INTO departamento (direccion,codigo_postal) VALUES ('Calle CANETE',4390000);
INSERT INTO departamento (direccion,codigo_postal) VALUES ('Calle CARAHUE',5010000);
INSERT INTO departamento (direccion,codigo_postal) VALUES ('Calle CARTAGENA',2680000);
INSERT INTO departamento (direccion,codigo_postal) VALUES ('Calle CASABLANCA',2480000);
INSERT INTO departamento (direccion,codigo_postal) VALUES ('Calle CASTRO',5700000);
INSERT INTO departamento (direccion,codigo_postal) VALUES ('Calle CATEMU',2230000);
INSERT INTO departamento (direccion,codigo_postal) VALUES ('Calle CAUQUENES',3690000);
INSERT INTO departamento (direccion,codigo_postal) VALUES ('Calle CERRILLOS',9200000);

INSERT INTO empleado (rut,nombre,sexo,domicilio,prevision_salud,fecha_nacimiento,ref_departamento) VALUES ('18280860','JOSE ANTONIO DIEZ RAMOS','M','Merced 00','FONASA','1988-05-11','Calle AISEN');
INSERT INTO empleado (rut,nombre,sexo,domicilio,prevision_salud,fecha_nacimiento,ref_departamento) VALUES ('18280861','ANTONIA GIL FUENTES','F','Merced 01','FONASA','1980-04-10','Calle ALGARROBO');
INSERT INTO empleado (rut,nombre,sexo,domicilio,prevision_salud,fecha_nacimiento,ref_departamento) VALUES ('18280862','DANIEL RODRIGUEZ CABRERA','M','Merced 02','ISAPRE','1995-10-15','Calle ALHUE');
INSERT INTO empleado (rut,nombre,sexo,domicilio,prevision_salud,fecha_nacimiento,ref_departamento) VALUES ('18280863','DANIEL GUTIERREZ DOMINGUEZ','M','Merced 03','ISAPRE','1979-05-25','Calle ALTO BIOBIO');
INSERT INTO empleado (rut,nombre,sexo,domicilio,prevision_salud,fecha_nacimiento,ref_departamento) VALUES ('18280864','RAFAEL ALONSO ALVAREZ','M','Merced 04','ISAPRE','1983-12-11','Calle ALTO DEL CARMEN');
INSERT INTO empleado (rut,nombre,sexo,domicilio,prevision_salud,fecha_nacimiento,ref_departamento) VALUES ('18280865','JESUS RUBIO SANCHEZ','M','Merced 05','FONASA','1972-09-23','Calle ALTO HOSPICIO');
INSERT INTO empleado (rut,nombre,sexo,domicilio,prevision_salud,fecha_nacimiento,ref_departamento) VALUES ('18280866','JOSE MARIA IGLESIAS SANCHEZ','M','Merced 06','ISAPRE','1971-05-02','Calle ANCUD');
INSERT INTO empleado (rut,nombre,sexo,domicilio,prevision_salud,fecha_nacimiento,ref_departamento) VALUES ('18280867','MARTA GONZALEZ FUENTES','F','Merced 07','FONASA','1988-06-03','Calle ANDACOLLO');
INSERT INTO empleado (rut,nombre,sexo,domicilio,prevision_salud,fecha_nacimiento,ref_departamento) VALUES ('18280868','PILAR LOPEZ CANO','F','Merced 08','ISAPRE','1989-07-26','Calle ANGOL');
INSERT INTO empleado (rut,nombre,sexo,domicilio,prevision_salud,fecha_nacimiento,ref_departamento) VALUES ('18280869','MARIA JOSE TORRES MUÃ‘OZ','F','Merced 09','FONASA','1994-04-12','Calle ANTARTICA');
INSERT INTO empleado (rut,nombre,sexo,domicilio,prevision_salud,fecha_nacimiento,ref_departamento) VALUES ('18280870','JOSE LUIS FERRER ORTIZ','M','Merced 10','ISAPRE','1996-09-13','Calle ANTOFAGASTA');
INSERT INTO empleado (rut,nombre,sexo,domicilio,prevision_salud,fecha_nacimiento,ref_departamento) VALUES ('18280871','CARLOS CANO SANZ','M','Merced 11','FONASA','1972-12-14','Calle ANTUCO');
INSERT INTO empleado (rut,nombre,sexo,domicilio,prevision_salud,fecha_nacimiento,ref_departamento) VALUES ('18280872','MARIA ISABEL GARCIA CABALLERO','F','Merced 12','FONASA','1980-11-13','Calle ARAUCO');
INSERT INTO empleado (rut,nombre,sexo,domicilio,prevision_salud,fecha_nacimiento,ref_departamento) VALUES ('18280873','ALEJANDRO LARAS HERRERA','M','Merced 13','FONASA','1995-06-10','Calle ARICA');
INSERT INTO empleado (rut,nombre,sexo,domicilio,prevision_salud,fecha_nacimiento,ref_departamento) VALUES ('18280874','MIGUEL ANGEL CASTRO LORENZO','M','Merced 14','FONASA','1984-06-03','Calle BUIN');
INSERT INTO empleado (rut,nombre,sexo,domicilio,prevision_salud,fecha_nacimiento,ref_departamento) VALUES ('18280875','SERGIO LEON CAMPOS','M','Merced 15','FONASA','1978-03-02','Calle BULNES');
INSERT INTO empleado (rut,nombre,sexo,domicilio,prevision_salud,fecha_nacimiento,ref_departamento) VALUES ('18280876','DAVID LORENZO MEDINA','M','Merced 16','FONASA','1994-09-18','Calle CABILDO');
INSERT INTO empleado (rut,nombre,sexo,domicilio,prevision_salud,fecha_nacimiento,ref_departamento) VALUES ('18280877','FRANCISCO JAVIER ALVAREZ GIMENEZ','M','Merced 17','ISAPRE','1991-10-28','Calle CABRERO');
INSERT INTO empleado (rut,nombre,sexo,domicilio,prevision_salud,fecha_nacimiento,ref_departamento) VALUES ('18280878','MARIA ISABEL MONTERO RUBIO','F','Merced 18','FONASA','1994-04-23','Calle CALAMA');
INSERT INTO empleado (rut,nombre,sexo,domicilio,prevision_salud,fecha_nacimiento,ref_departamento) VALUES ('18280879','ANTONIA VEGA DIEZ','F','Merced 19','FONASA','1985-01-09','Calle CALBUCO');

INSERT INTO distribuidor (ref_empleado) VALUES ('18280860');
INSERT INTO distribuidor (ref_empleado) VALUES ('18280861');
INSERT INTO distribuidor (ref_empleado) VALUES ('18280862');
INSERT INTO distribuidor (ref_empleado) VALUES ('18280863');
INSERT INTO distribuidor (ref_empleado) VALUES ('18280864');
INSERT INTO distribuidor (ref_empleado) VALUES ('18280865');
INSERT INTO distribuidor (ref_empleado) VALUES ('18280866');
INSERT INTO distribuidor (ref_empleado) VALUES ('18280867');
INSERT INTO distribuidor (ref_empleado) VALUES ('18280868');
INSERT INTO distribuidor (ref_empleado) VALUES ('18280869');
INSERT INTO distribuidor (ref_empleado) VALUES ('18280870');
INSERT INTO distribuidor (ref_empleado) VALUES ('18280871');
INSERT INTO distribuidor (ref_empleado) VALUES ('18280872');
INSERT INTO distribuidor (ref_empleado) VALUES ('18280873');
INSERT INTO distribuidor (ref_empleado) VALUES ('18280874');
INSERT INTO distribuidor (ref_empleado) VALUES ('18280875');
INSERT INTO distribuidor (ref_empleado) VALUES ('18280876');
INSERT INTO distribuidor (ref_empleado) VALUES ('18280877');
INSERT INTO distribuidor (ref_empleado) VALUES ('18280878');
INSERT INTO distribuidor (ref_empleado) VALUES ('18280879');

INSERT INTO empleado (rut,nombre,sexo,domicilio,prevision_salud,fecha_nacimiento,ref_departamento) VALUES ('18280820','JOSE LUIS DIEZ VEGA','M','Estado 00','ISAPRE','1982-04-26','Calle AISEN');
INSERT INTO empleado (rut,nombre,sexo,domicilio,prevision_salud,fecha_nacimiento,ref_departamento) VALUES ('18280821','ANTONIA DIAZ HIDALGO','F','Estado 01','FONASA','1977-01-10','Calle ALGARROBO');
INSERT INTO empleado (rut,nombre,sexo,domicilio,prevision_salud,fecha_nacimiento,ref_departamento) VALUES ('18280822','ANA GONZALEZ MORENO','F','Estado 02','FONASA','1976-12-23','Calle ALHUE');
INSERT INTO empleado (rut,nombre,sexo,domicilio,prevision_salud,fecha_nacimiento,ref_departamento) VALUES ('18280823','JOSE LUIS MORALES SUAREZ','M','Estado 03','ISAPRE','1982-12-12','Calle ALTO BIOBIO');
INSERT INTO empleado (rut,nombre,sexo,domicilio,prevision_salud,fecha_nacimiento,ref_departamento) VALUES ('18280824','LAURA ORTEGA BLANCO','F','Estado 04','FONASA','1974-05-17','Calle ALTO DEL CARMEN');
INSERT INTO empleado (rut,nombre,sexo,domicilio,prevision_salud,fecha_nacimiento,ref_departamento) VALUES ('18280825','ANA MARIA VAZQUEZ MONTERO','F','Estado 05','FONASA','1975-06-16','Calle ALTO HOSPICIO');
INSERT INTO empleado (rut,nombre,sexo,domicilio,prevision_salud,fecha_nacimiento,ref_departamento) VALUES ('18280826','ANA MARIN CABALLERO','F','Estado 06','ISAPRE','1987-01-20','Calle ANCUD');
INSERT INTO empleado (rut,nombre,sexo,domicilio,prevision_salud,fecha_nacimiento,ref_departamento) VALUES ('18280827','MARIA ANGELES GALLEGO NAVARRO','F','Estado 07','FONASA','1974-04-09','Calle ANDACOLLO');
INSERT INTO empleado (rut,nombre,sexo,domicilio,prevision_salud,fecha_nacimiento,ref_departamento) VALUES ('18280828','JAVIER LEON BLANCO','M','Estado 08','ISAPRE','1972-03-30','Calle ANGOL');
INSERT INTO empleado (rut,nombre,sexo,domicilio,prevision_salud,fecha_nacimiento,ref_departamento) VALUES ('18280829','ANGEL SANZ MOLINA','M','Estado 09','ISAPRE','1982-12-30','Calle ANTARTICA');
INSERT INTO empleado (rut,nombre,sexo,domicilio,prevision_salud,fecha_nacimiento,ref_departamento) VALUES ('18280830','ALEJANDRO SANZ ORTIZ','M','Estado 10','FONASA','1979-03-01','Calle ANTOFAGASTA');
INSERT INTO empleado (rut,nombre,sexo,domicilio,prevision_salud,fecha_nacimiento,ref_departamento) VALUES ('18280831','DANIEL NAVARRO MORENO','M','Estado 11','ISAPRE','1972-03-13','Calle ANTUCO');
INSERT INTO empleado (rut,nombre,sexo,domicilio,prevision_salud,fecha_nacimiento,ref_departamento) VALUES ('18280832','ANGEL LEON VIDAL','M','Estado 12','FONASA','1978-10-03','Calle ARAUCO');
INSERT INTO empleado (rut,nombre,sexo,domicilio,prevision_salud,fecha_nacimiento,ref_departamento) VALUES ('18280833','MARIA DELGADO SERRANO','F','Estado 13','ISAPRE','1972-12-08','Calle ARICA');
INSERT INTO empleado (rut,nombre,sexo,domicilio,prevision_salud,fecha_nacimiento,ref_departamento) VALUES ('18280834','JOSE ANTONIO QUEZADA SANTANA','M','Estado 14','ISAPRE','1982-10-12','Calle BUIN');
INSERT INTO empleado (rut,nombre,sexo,domicilio,prevision_salud,fecha_nacimiento,ref_departamento) VALUES ('18280835','MARIA ANGELES GIMENEZ MEDINA','F','Estado 15','ISAPRE','1995-05-12','Calle BULNES');
INSERT INTO empleado (rut,nombre,sexo,domicilio,prevision_salud,fecha_nacimiento,ref_departamento) VALUES ('18280836','FRANCISCO JAVIER DELGADO CASTRO','M','Estado 16','FONASA','1980-11-14','Calle CABILDO');
INSERT INTO empleado (rut,nombre,sexo,domicilio,prevision_salud,fecha_nacimiento,ref_departamento) VALUES ('18280837','JOSE ORTIZ HERRERO','M','Estado 17','ISAPRE','1975-05-19','Calle CABRERO');
INSERT INTO empleado (rut,nombre,sexo,domicilio,prevision_salud,fecha_nacimiento,ref_departamento) VALUES ('18280838','MARIA DOLORES MOLINA ALVAREZ','F','Estado 18','FONASA','1984-12-23','Calle CALAMA');
INSERT INTO empleado (rut,nombre,sexo,domicilio,prevision_salud,fecha_nacimiento,ref_departamento) VALUES ('18280839','MARIA TERESA CARRASCO CRUZ','F','Estado 19','ISAPRE','1994-06-24','Calle CALBUCO');

INSERT INTO recepcionista (ref_empleado) VALUES ('18280820');
INSERT INTO recepcionista (ref_empleado) VALUES ('18280821');
INSERT INTO recepcionista (ref_empleado) VALUES ('18280822');
INSERT INTO recepcionista (ref_empleado) VALUES ('18280823');
INSERT INTO recepcionista (ref_empleado) VALUES ('18280824');
INSERT INTO recepcionista (ref_empleado) VALUES ('18280825');
INSERT INTO recepcionista (ref_empleado) VALUES ('18280826');
INSERT INTO recepcionista (ref_empleado) VALUES ('18280827');
INSERT INTO recepcionista (ref_empleado) VALUES ('18280828');
INSERT INTO recepcionista (ref_empleado) VALUES ('18280829');
INSERT INTO recepcionista (ref_empleado) VALUES ('18280830');
INSERT INTO recepcionista (ref_empleado) VALUES ('18280831');
INSERT INTO recepcionista (ref_empleado) VALUES ('18280832');
INSERT INTO recepcionista (ref_empleado) VALUES ('18280833');
INSERT INTO recepcionista (ref_empleado) VALUES ('18280834');
INSERT INTO recepcionista (ref_empleado) VALUES ('18280835');
INSERT INTO recepcionista (ref_empleado) VALUES ('18280836');
INSERT INTO recepcionista (ref_empleado) VALUES ('18280837');
INSERT INTO recepcionista (ref_empleado) VALUES ('18280838');
INSERT INTO recepcionista (ref_empleado) VALUES ('18280839');

INSERT INTO empleado (rut,nombre,sexo,domicilio,prevision_salud,fecha_nacimiento,ref_departamento) VALUES ('18280880','CARMEN CABALLERO FUENTES','F','Doctor Osorio 00','FONASA','1980-04-04','Calle AISEN');
INSERT INTO empleado (rut,nombre,sexo,domicilio,prevision_salud,fecha_nacimiento,ref_departamento) VALUES ('18280881','ANTONIA CAMPOS DOMINGUEZ','F','Doctor Osorio 01','ISAPRE','1983-06-17','Calle ALGARROBO');
INSERT INTO empleado (rut,nombre,sexo,domicilio,prevision_salud,fecha_nacimiento,ref_departamento) VALUES ('18280882','MARIA CARMEN REYES MOLINA','F','Doctor Osorio 02','ISAPRE','1982-07-19','Calle ALHUE');
INSERT INTO empleado (rut,nombre,sexo,domicilio,prevision_salud,fecha_nacimiento,ref_departamento) VALUES ('18280883','LUIS PEREZ CABALLERO','M','Doctor Osorio 03','ISAPRE','1985-04-16','Calle ALTO BIOBIO');
INSERT INTO empleado (rut,nombre,sexo,domicilio,prevision_salud,fecha_nacimiento,ref_departamento) VALUES ('18280884','MARIA DOLORES GARRIDO DELGADO','F','Doctor Osorio 04','ISAPRE','1991-06-02','Calle ALTO DEL CARMEN');
INSERT INTO empleado (rut,nombre,sexo,domicilio,prevision_salud,fecha_nacimiento,ref_departamento) VALUES ('18280885','CARLOS GUTIERREZ SUAREZ','M','Doctor Osorio 05','FONASA','1983-07-13','Calle ALTO HOSPICIO');
INSERT INTO empleado (rut,nombre,sexo,domicilio,prevision_salud,fecha_nacimiento,ref_departamento) VALUES ('18280886','ANA MARIA SANZ RODRIGUEZ','F','Doctor Osorio 06','ISAPRE','1992-08-04','Calle ANCUD');
INSERT INTO empleado (rut,nombre,sexo,domicilio,prevision_salud,fecha_nacimiento,ref_departamento) VALUES ('18280887','CARLOS ROMERO MUÃ‘OZ','M','Doctor Osorio 07','ISAPRE','1987-04-12','Calle ANDACOLLO');
INSERT INTO empleado (rut,nombre,sexo,domicilio,prevision_salud,fecha_nacimiento,ref_departamento) VALUES ('18280888','ALEJANDRO VEGA MOLINA','M','Doctor Osorio 08','ISAPRE','1996-11-12','Calle ANGOL');
INSERT INTO empleado (rut,nombre,sexo,domicilio,prevision_salud,fecha_nacimiento,ref_departamento) VALUES ('18280889','MARIA DOLORES LOPEZ RODRIGUEZ','F','Doctor Osorio 09','ISAPRE','1984-07-04','Calle ANTARTICA');
INSERT INTO empleado (rut,nombre,sexo,domicilio,prevision_salud,fecha_nacimiento,ref_departamento) VALUES ('18280890','CARLOS MARTIN CALVO','M','Doctor Osorio 10','ISAPRE','1992-08-03','Calle ANTOFAGASTA');
INSERT INTO empleado (rut,nombre,sexo,domicilio,prevision_salud,fecha_nacimiento,ref_departamento) VALUES ('18280891','ANTONIO CAMPOS DOMINGUEZ','M','Doctor Osorio 11','ISAPRE','1989-11-12','Calle ANTUCO');
INSERT INTO empleado (rut,nombre,sexo,domicilio,prevision_salud,fecha_nacimiento,ref_departamento) VALUES ('18280892','MARIA ANGELES DOMINGUEZ MARQUEZ','F','Doctor Osorio 12','FONASA','1986-11-21','Calle ARAUCO');
INSERT INTO empleado (rut,nombre,sexo,domicilio,prevision_salud,fecha_nacimiento,ref_departamento) VALUES ('18280893','JAVIERA LARAS GIL','F','Doctor Osorio 13','FONASA','1984-10-15','Calle ARICA');
INSERT INTO empleado (rut,nombre,sexo,domicilio,prevision_salud,fecha_nacimiento,ref_departamento) VALUES ('18280894','ANTONIO LOPEZ LORENZO','M','Doctor Osorio 14','ISAPRE','1993-04-29','Calle BUIN');
INSERT INTO empleado (rut,nombre,sexo,domicilio,prevision_salud,fecha_nacimiento,ref_departamento) VALUES ('18280895','JOSE CORTES PEREZ','M','Doctor Osorio 15','FONASA','1982-08-20','Calle BULNES');
INSERT INTO empleado (rut,nombre,sexo,domicilio,prevision_salud,fecha_nacimiento,ref_departamento) VALUES ('18280896','MARIA CALVO CABRERA','F','Doctor Osorio 16','ISAPRE','1996-09-29','Calle CABILDO');
INSERT INTO empleado (rut,nombre,sexo,domicilio,prevision_salud,fecha_nacimiento,ref_departamento) VALUES ('18280897','JUAN CABALLERO GIL','M','Doctor Osorio 17','FONASA','1973-04-28','Calle CABRERO');
INSERT INTO empleado (rut,nombre,sexo,domicilio,prevision_salud,fecha_nacimiento,ref_departamento) VALUES ('18280898','LUIS CARRASCO MUÃ‘OZ','M','Doctor Osorio 18','FONASA','1983-12-08','Calle CALAMA');
INSERT INTO empleado (rut,nombre,sexo,domicilio,prevision_salud,fecha_nacimiento,ref_departamento) VALUES ('18280899','SERGIO GARCIA GIL','M','Doctor Osorio 19','ISAPRE','1991-02-16','Calle CALBUCO');

INSERT INTO cajero (ref_empleado) VALUES ('18280880');
INSERT INTO cajero (ref_empleado) VALUES ('18280881');
INSERT INTO cajero (ref_empleado) VALUES ('18280882');
INSERT INTO cajero (ref_empleado) VALUES ('18280883');
INSERT INTO cajero (ref_empleado) VALUES ('18280884');
INSERT INTO cajero (ref_empleado) VALUES ('18280885');
INSERT INTO cajero (ref_empleado) VALUES ('18280886');
INSERT INTO cajero (ref_empleado) VALUES ('18280887');
INSERT INTO cajero (ref_empleado) VALUES ('18280888');
INSERT INTO cajero (ref_empleado) VALUES ('18280889');
INSERT INTO cajero (ref_empleado) VALUES ('18280890');
INSERT INTO cajero (ref_empleado) VALUES ('18280891');
INSERT INTO cajero (ref_empleado) VALUES ('18280892');
INSERT INTO cajero (ref_empleado) VALUES ('18280893');
INSERT INTO cajero (ref_empleado) VALUES ('18280894');
INSERT INTO cajero (ref_empleado) VALUES ('18280895');
INSERT INTO cajero (ref_empleado) VALUES ('18280896');
INSERT INTO cajero (ref_empleado) VALUES ('18280897');
INSERT INTO cajero (ref_empleado) VALUES ('18280898');
INSERT INTO cajero (ref_empleado) VALUES ('18280899');

INSERT INTO empleado (rut,nombre,sexo,domicilio,prevision_salud,fecha_nacimiento,ref_departamento) VALUES ('18280840','PILAR MENDEZ ALVAREZ','F','Camilo Henriquez 00','ISAPRE','1973-01-07','Calle AISEN');
INSERT INTO empleado (rut,nombre,sexo,domicilio,prevision_salud,fecha_nacimiento,ref_departamento) VALUES ('18280841','JAVIERA DELGADO HERRERO','F','Camilo Henriquez 01','FONASA','1994-02-26','Calle ALGARROBO');
INSERT INTO empleado (rut,nombre,sexo,domicilio,prevision_salud,fecha_nacimiento,ref_departamento) VALUES ('18280842','ANA SANCHEZ CAMPOS','F','Camilo Henriquez 02','ISAPRE','1978-02-24','Calle ALHUE');
INSERT INTO empleado (rut,nombre,sexo,domicilio,prevision_salud,fecha_nacimiento,ref_departamento) VALUES ('18280843','MARIA PILAR IGLESIAS FERRER','F','Camilo Henriquez 03','FONASA','1978-04-02','Calle ALTO BIOBIO');
INSERT INTO empleado (rut,nombre,sexo,domicilio,prevision_salud,fecha_nacimiento,ref_departamento) VALUES ('18280844','MARIA ISABEL GALLEGO GUERRERO','F','Camilo Henriquez 04','ISAPRE','1976-06-06','Calle ALTO DEL CARMEN');
INSERT INTO empleado (rut,nombre,sexo,domicilio,prevision_salud,fecha_nacimiento,ref_departamento) VALUES ('18280845','ISABEL ORTIZ PEREZ','F','Camilo Henriquez 05','ISAPRE','1986-08-16','Calle ALTO HOSPICIO');
INSERT INTO empleado (rut,nombre,sexo,domicilio,prevision_salud,fecha_nacimiento,ref_departamento) VALUES ('18280846','MARIA JOSE GALLEGO CASTILLO','F','Camilo Henriquez 06','ISAPRE','1980-11-14','Calle ANCUD');
INSERT INTO empleado (rut,nombre,sexo,domicilio,prevision_salud,fecha_nacimiento,ref_departamento) VALUES ('18280847','CRISTINA CALVO MORALES','F','Camilo Henriquez 07','ISAPRE','1974-04-01','Calle ANDACOLLO');
INSERT INTO empleado (rut,nombre,sexo,domicilio,prevision_salud,fecha_nacimiento,ref_departamento) VALUES ('18280848','ANTONIO CAMPOS CALVO','M','Camilo Henriquez 08','FONASA','1971-02-18','Calle ANGOL');
INSERT INTO empleado (rut,nombre,sexo,domicilio,prevision_salud,fecha_nacimiento,ref_departamento) VALUES ('18280849','CARMEN GARRIDO VEGA','F','Camilo Henriquez 09','FONASA','1986-11-17','Calle ANTARTICA');
INSERT INTO empleado (rut,nombre,sexo,domicilio,prevision_salud,fecha_nacimiento,ref_departamento) VALUES ('18280850','MARIA DOLORES CORTES DIEZ','F','Camilo Henriquez 10','ISAPRE','1993-03-17','Calle ANTOFAGASTA');
INSERT INTO empleado (rut,nombre,sexo,domicilio,prevision_salud,fecha_nacimiento,ref_departamento) VALUES ('18280851','FERNANDO SERRANO ROMERO','M','Camilo Henriquez 11','ISAPRE','1977-10-16','Calle ANTUCO');
INSERT INTO empleado (rut,nombre,sexo,domicilio,prevision_salud,fecha_nacimiento,ref_departamento) VALUES ('18280852','MANUEL MORALES VEGA','M','Camilo Henriquez 12','FONASA','1977-05-26','Calle ARAUCO');
INSERT INTO empleado (rut,nombre,sexo,domicilio,prevision_salud,fecha_nacimiento,ref_departamento) VALUES ('18280853','DOLORES CASTRO VAZQUEZ','M','Camilo Henriquez 13','ISAPRE','1970-12-09','Calle ARICA');
INSERT INTO empleado (rut,nombre,sexo,domicilio,prevision_salud,fecha_nacimiento,ref_departamento) VALUES ('18280854','ANTONIO VEGA GUTIERREZ','M','Camilo Henriquez 14','ISAPRE','1984-11-14','Calle BUIN');
INSERT INTO empleado (rut,nombre,sexo,domicilio,prevision_salud,fecha_nacimiento,ref_departamento) VALUES ('18280855','ANTONIO LARAS SERRANO','M','Camilo Henriquez 15','FONASA','1978-03-17','Calle BULNES');
INSERT INTO empleado (rut,nombre,sexo,domicilio,prevision_salud,fecha_nacimiento,ref_departamento) VALUES ('18280856','ANA MARIA GIMENEZ LOZANO','F','Camilo Henriquez 16','ISAPRE','1993-10-27','Calle CABILDO');
INSERT INTO empleado (rut,nombre,sexo,domicilio,prevision_salud,fecha_nacimiento,ref_departamento) VALUES ('18280857','LAURA REYES LARAS','F','Camilo Henriquez 17','FONASA','1991-11-29','Calle CABRERO');
INSERT INTO empleado (rut,nombre,sexo,domicilio,prevision_salud,fecha_nacimiento,ref_departamento) VALUES ('18280858','MARIA TERESA NIETO CALVO','F','Camilo Henriquez 18','FONASA','1996-01-17','Calle CALAMA');
INSERT INTO empleado (rut,nombre,sexo,domicilio,prevision_salud,fecha_nacimiento,ref_departamento) VALUES ('18280859','MARIA PILAR SUAREZ LOPEZ','F','Camilo Henriquez 19','FONASA','1977-12-12','Calle CALBUCO');

INSERT INTO bodeguero (ref_empleado) VALUES ('18280840');
INSERT INTO bodeguero (ref_empleado) VALUES ('18280841');
INSERT INTO bodeguero (ref_empleado) VALUES ('18280842');
INSERT INTO bodeguero (ref_empleado) VALUES ('18280843');
INSERT INTO bodeguero (ref_empleado) VALUES ('18280844');
INSERT INTO bodeguero (ref_empleado) VALUES ('18280845');
INSERT INTO bodeguero (ref_empleado) VALUES ('18280846');
INSERT INTO bodeguero (ref_empleado) VALUES ('18280847');
INSERT INTO bodeguero (ref_empleado) VALUES ('18280848');
INSERT INTO bodeguero (ref_empleado) VALUES ('18280849');
INSERT INTO bodeguero (ref_empleado) VALUES ('18280850');
INSERT INTO bodeguero (ref_empleado) VALUES ('18280851');
INSERT INTO bodeguero (ref_empleado) VALUES ('18280852');
INSERT INTO bodeguero (ref_empleado) VALUES ('18280853');
INSERT INTO bodeguero (ref_empleado) VALUES ('18280854');
INSERT INTO bodeguero (ref_empleado) VALUES ('18280855');
INSERT INTO bodeguero (ref_empleado) VALUES ('18280856');
INSERT INTO bodeguero (ref_empleado) VALUES ('18280857');
INSERT INTO bodeguero (ref_empleado) VALUES ('18280858');
INSERT INTO bodeguero (ref_empleado) VALUES ('18280859');

INSERT INTO empleado (rut,nombre,sexo,domicilio,prevision_salud,fecha_nacimiento,ref_departamento) VALUES ('18280900','MARIA PILAR MORENO HERNANDEZ','F','San Vicente 00','ISAPRE','1978-05-07','Calle AISEN');
INSERT INTO empleado (rut,nombre,sexo,domicilio,prevision_salud,fecha_nacimiento,ref_departamento) VALUES ('18280901','MARIA CARRASCO SERRANO','F','San Vicente 01','FONASA','1972-11-04','Calle ALGARROBO');
INSERT INTO empleado (rut,nombre,sexo,domicilio,prevision_salud,fecha_nacimiento,ref_departamento) VALUES ('18280902','FRANCISCO JAVIER ALONSO AGUILAR','M','San Vicente 03','ISAPRE','1982-11-22','Calle ALHUE');
INSERT INTO empleado (rut,nombre,sexo,domicilio,prevision_salud,fecha_nacimiento,ref_departamento) VALUES ('18280903','MARIA DOLORES IGLESIAS FERRER','F','San Vicente 04','FONASA','1979-07-26','Calle ALTO BIOBIO');
INSERT INTO empleado (rut,nombre,sexo,domicilio,prevision_salud,fecha_nacimiento,ref_departamento) VALUES ('18280904','CARLOS CABALLERO FERRER','M','San Vicente 05','ISAPRE','1985-06-11','Calle ALTO DEL CARMEN');
INSERT INTO empleado (rut,nombre,sexo,domicilio,prevision_salud,fecha_nacimiento,ref_departamento) VALUES ('18280905','MARTA MENDEZ GUERRERO','F','San Vicente 06','ISAPRE','1970-09-10','Calle ALTO HOSPICIO');
INSERT INTO empleado (rut,nombre,sexo,domicilio,prevision_salud,fecha_nacimiento,ref_departamento) VALUES ('18280906','JOSE ANTONIO BLANCO ORTEGA','M','San Vicente 07','ISAPRE','1985-12-05','Calle ANCUD');
INSERT INTO empleado (rut,nombre,sexo,domicilio,prevision_salud,fecha_nacimiento,ref_departamento) VALUES ('18280907','PABLO CAMPOS CABALLERO','M','San Vicente 08','ISAPRE','1986-07-23','Calle ANDACOLLO');
INSERT INTO empleado (rut,nombre,sexo,domicilio,prevision_salud,fecha_nacimiento,ref_departamento) VALUES ('18280908','ANTONIO SANZ SANTOS','M','San Vicente 09','FONASA','1984-08-05','Calle ANGOL');
INSERT INTO empleado (rut,nombre,sexo,domicilio,prevision_salud,fecha_nacimiento,ref_departamento) VALUES ('18280909','DANIEL REYES GUERRERO','M','San Vicente 10','ISAPRE','1974-05-13','Calle ANTARTICA');
INSERT INTO empleado (rut,nombre,sexo,domicilio,prevision_salud,fecha_nacimiento,ref_departamento) VALUES ('18280910','MARIA PILAR GUERRERO GUTIERREZ','F','San Vicente 11','ISAPRE','1975-12-25','Calle ANTOFAGASTA');
INSERT INTO empleado (rut,nombre,sexo,domicilio,prevision_salud,fecha_nacimiento,ref_departamento) VALUES ('18280911','JOSE HERRERA ORTIZ','M','San Vicente 12','ISAPRE','1987-08-04','Calle ANTUCO');
INSERT INTO empleado (rut,nombre,sexo,domicilio,prevision_salud,fecha_nacimiento,ref_departamento) VALUES ('18280912','FRANCISCO JAVIER ORTEGA VEGA','M','San Vicente 13','ISAPRE','1993-08-16','Calle ARAUCO');
INSERT INTO empleado (rut,nombre,sexo,domicilio,prevision_salud,fecha_nacimiento,ref_departamento) VALUES ('18280913','JOSE MANUEL DIEZ BLANCO','M','San Vicente 14','ISAPRE','1985-03-22','Calle ARICA');
INSERT INTO empleado (rut,nombre,sexo,domicilio,prevision_salud,fecha_nacimiento,ref_departamento) VALUES ('18280914','DAVID GONZALEZ FERNANDEZ','M','San Vicente 15','FONASA','1976-05-11','Calle BUIN');
INSERT INTO empleado (rut,nombre,sexo,domicilio,prevision_salud,fecha_nacimiento,ref_departamento) VALUES ('18280915','MARIA ISABEL PASCUAL MORALES','F','San Vicente 16','ISAPRE','1976-05-21','Calle BULNES');
INSERT INTO empleado (rut,nombre,sexo,domicilio,prevision_salud,fecha_nacimiento,ref_departamento) VALUES ('18280916','CRISTINA VAZQUEZ QUEZADA','F','San Vicente 17','ISAPRE','1975-05-04','Calle CABILDO');
INSERT INTO empleado (rut,nombre,sexo,domicilio,prevision_salud,fecha_nacimiento,ref_departamento) VALUES ('18280917','ANA NAVARRO ALVAREZ','F','San Vicente 18','ISAPRE','1987-01-19','Calle CABRERO');
INSERT INTO empleado (rut,nombre,sexo,domicilio,prevision_salud,fecha_nacimiento,ref_departamento) VALUES ('18280918','RAFAEL MARTIN RODRIGUEZ','M','San Vicente 19','FONASA','1992-07-23','Calle CALAMA');
INSERT INTO empleado (rut,nombre,sexo,domicilio,prevision_salud,fecha_nacimiento,ref_departamento) VALUES ('18280919','MARIA DOLORES NAVARRO RAMOS','F','San Vicente 20','ISAPRE','1986-05-22','Calle CALBUCO');

INSERT INTO repartidor (ref_empleado,comuna) VALUES ('18280900','Hualqui');
INSERT INTO repartidor (ref_empleado,comuna) VALUES ('18280901','Freirina');
INSERT INTO repartidor (ref_empleado,comuna) VALUES ('18280902','Nueva Imperial');
INSERT INTO repartidor (ref_empleado,comuna) VALUES ('18280903','Papudo');
INSERT INTO repartidor (ref_empleado,comuna) VALUES ('18280904','Malloa');
INSERT INTO repartidor (ref_empleado,comuna) VALUES ('18280905','Collipulli');
INSERT INTO repartidor (ref_empleado,comuna) VALUES ('18280906','Río Negro');
INSERT INTO repartidor (ref_empleado,comuna) VALUES ('18280907','Santo Domingo');
INSERT INTO repartidor (ref_empleado,comuna) VALUES ('18280908','Portezuelo');
INSERT INTO repartidor (ref_empleado,comuna) VALUES ('18280909','Talcahuano');
INSERT INTO repartidor (ref_empleado,comuna) VALUES ('18280910','Llanquihue');
INSERT INTO repartidor (ref_empleado,comuna) VALUES ('18280911','Puerto Varas');
INSERT INTO repartidor (ref_empleado,comuna) VALUES ('18280912','San Javier');
INSERT INTO repartidor (ref_empleado,comuna) VALUES ('18280913','OHiggins');
INSERT INTO repartidor (ref_empleado,comuna) VALUES ('18280914','Lo Espejo');
INSERT INTO repartidor (ref_empleado,comuna) VALUES ('18280915','Paine');
INSERT INTO repartidor (ref_empleado,comuna) VALUES ('18280916','Calera');
INSERT INTO repartidor (ref_empleado,comuna) VALUES ('18280917','Los Lagos');
INSERT INTO repartidor (ref_empleado,comuna) VALUES ('18280918','San Rosendo');
INSERT INTO repartidor (ref_empleado,comuna) VALUES ('18280919','Negrete');

INSERT INTO empleado (rut,nombre,sexo,domicilio,prevision_salud,fecha_nacimiento,ref_departamento) VALUES ('18280800','MARIA PILAR CARRASCO DELGADO','F',' SAN FRANCISCO 01','ISAPRE','1994-05-18','Calle AISEN');
INSERT INTO empleado (rut,nombre,sexo,domicilio,prevision_salud,fecha_nacimiento,ref_departamento) VALUES ('18280801','MARIA JOSE GARRIDO DOMINGUEZ','F','SAN FRANCISCO 02','ISAPRE','1990-10-08','Calle ALGARROBO');
INSERT INTO empleado (rut,nombre,sexo,domicilio,prevision_salud,fecha_nacimiento,ref_departamento) VALUES ('18280802','CARMEN GONZALEZ GUERRERO','F','SAN FRANCISCO 03','FONASA','1984-03-22','Calle ALHUE');
INSERT INTO empleado (rut,nombre,sexo,domicilio,prevision_salud,fecha_nacimiento,ref_departamento) VALUES ('18280803','ALEJANDRO VIDAL LEON','M','SAN FRANCISCO 04','FONASA','1992-12-30','Calle ALTO BIOBIO');
INSERT INTO empleado (rut,nombre,sexo,domicilio,prevision_salud,fecha_nacimiento,ref_departamento) VALUES ('18280804','ANGEL VIDAL CANO','M','SAN FRANCISCO 05','ISAPRE','1982-09-14','Calle ALTO DEL CARMEN');
INSERT INTO empleado (rut,nombre,sexo,domicilio,prevision_salud,fecha_nacimiento,ref_departamento) VALUES ('18280805','PILAR REYES CAMPOS','F','SAN FRANCISCO 06','FONASA','1995-09-08','Calle ALTO HOSPICIO');
INSERT INTO empleado (rut,nombre,sexo,domicilio,prevision_salud,fecha_nacimiento,ref_departamento) VALUES ('18280806','MARIA PILAR HIDALGO VIDAL','F','SAN FRANCISCO 07','FONASA','1975-01-09','Calle ANCUD');
INSERT INTO empleado (rut,nombre,sexo,domicilio,prevision_salud,fecha_nacimiento,ref_departamento) VALUES ('18280807','MANUEL QUEZADA CABALLERO','M','SAN FRANCISCO 08','ISAPRE','1991-09-15','Calle ANDACOLLO');
INSERT INTO empleado (rut,nombre,sexo,domicilio,prevision_salud,fecha_nacimiento,ref_departamento) VALUES ('18280808','DANIEL SANCHEZ CARRASCO','M','SAN FRANCISCO 09','FONASA','1992-05-21','Calle ANGOL');
INSERT INTO empleado (rut,nombre,sexo,domicilio,prevision_salud,fecha_nacimiento,ref_departamento) VALUES ('18280809','ANTONIO RAMOS CAMPOS','M','SAN FRANCISCO 10','ISAPRE','1981-09-03','Calle ANTARTICA');
INSERT INTO empleado (rut,nombre,sexo,domicilio,prevision_salud,fecha_nacimiento,ref_departamento) VALUES ('18280810','RAFAEL CORTES CABALLERO','M','SAN FRANCISCO 11','ISAPRE','1980-07-01','Calle ANTOFAGASTA');
INSERT INTO empleado (rut,nombre,sexo,domicilio,prevision_salud,fecha_nacimiento,ref_departamento) VALUES ('18280811','MARIA DIEZ CORTES','F','SAN FRANCISCO 12','ISAPRE','1972-03-06','Calle ANTUCO');
INSERT INTO empleado (rut,nombre,sexo,domicilio,prevision_salud,fecha_nacimiento,ref_departamento) VALUES ('18280812','FERNANDO GUTIERREZ RUBIO','M','SAN FRANCISCO 13','ISAPRE','1978-06-18','Calle ARAUCO');
INSERT INTO empleado (rut,nombre,sexo,domicilio,prevision_salud,fecha_nacimiento,ref_departamento) VALUES ('18280813','FRANCISCA CALVO VIDAL','F','SAN FRANCISCO 14','ISAPRE','1989-05-02','Calle ARICA');
INSERT INTO empleado (rut,nombre,sexo,domicilio,prevision_salud,fecha_nacimiento,ref_departamento) VALUES ('18280814','MARIA PILAR RAMOS RUBIO','F','SAN FRANCISCO 15','FONASA','1980-03-31','Calle BUIN');
INSERT INTO empleado (rut,nombre,sexo,domicilio,prevision_salud,fecha_nacimiento,ref_departamento) VALUES ('18280815','FRANCISCO JAVIER MENDEZ PEREZ','M','SAN FRANCISCO 16','ISAPRE','1977-07-14','Calle BULNES');
INSERT INTO empleado (rut,nombre,sexo,domicilio,prevision_salud,fecha_nacimiento,ref_departamento) VALUES ('18280816','ANTONIA SANTOS CASTRO','F','SAN FRANCISCO 17','FONASA','1990-09-13','Calle CABILDO');
INSERT INTO empleado (rut,nombre,sexo,domicilio,prevision_salud,fecha_nacimiento,ref_departamento) VALUES ('18280817','JAVIER MENDEZ HIDALGO','M','SAN FRANCISCO 18','ISAPRE','1994-01-29','Calle CABRERO');
INSERT INTO empleado (rut,nombre,sexo,domicilio,prevision_salud,fecha_nacimiento,ref_departamento) VALUES ('18280818','MARIA DOLORES NIETO HIDALGO','F','SAN FRANCISCO 19','ISAPRE','1971-07-12','Calle CALAMA');
INSERT INTO empleado (rut,nombre,sexo,domicilio,prevision_salud,fecha_nacimiento,ref_departamento) VALUES ('18280819','MANUEL MARTIN RUBIO','M','SAN FRANCISCO 20','ISAPRE','1987-01-04','Calle CALBUCO');

INSERT INTO supervisor (ref_empleado) VALUES ('18280800');
INSERT INTO supervisor (ref_empleado) VALUES ('18280801');
INSERT INTO supervisor (ref_empleado) VALUES ('18280802');
INSERT INTO supervisor (ref_empleado) VALUES ('18280803');
INSERT INTO supervisor (ref_empleado) VALUES ('18280804');
INSERT INTO supervisor (ref_empleado) VALUES ('18280805');
INSERT INTO supervisor (ref_empleado) VALUES ('18280806');
INSERT INTO supervisor (ref_empleado) VALUES ('18280807');
INSERT INTO supervisor (ref_empleado) VALUES ('18280808');
INSERT INTO supervisor (ref_empleado) VALUES ('18280809');
INSERT INTO supervisor (ref_empleado) VALUES ('18280810');
INSERT INTO supervisor (ref_empleado) VALUES ('18280811');
INSERT INTO supervisor (ref_empleado) VALUES ('18280812');
INSERT INTO supervisor (ref_empleado) VALUES ('18280813');
INSERT INTO supervisor (ref_empleado) VALUES ('18280814');
INSERT INTO supervisor (ref_empleado) VALUES ('18280815');
INSERT INTO supervisor (ref_empleado) VALUES ('18280816');
INSERT INTO supervisor (ref_empleado) VALUES ('18280817');
INSERT INTO supervisor (ref_empleado) VALUES ('18280818');
INSERT INTO supervisor (ref_empleado) VALUES ('18280819');

INSERT INTO supervisor_departamento (ref_supervisado,ref_departamento) VALUES ('18280800','Calle AISEN');
INSERT INTO supervisor_departamento (ref_supervisado,ref_departamento) VALUES ('18280801','Calle ALGARROBO');
INSERT INTO supervisor_departamento (ref_supervisado,ref_departamento) VALUES ('18280802','Calle ALHUE');
INSERT INTO supervisor_departamento (ref_supervisado,ref_departamento) VALUES ('18280803','Calle ALTO BIOBIO');
INSERT INTO supervisor_departamento (ref_supervisado,ref_departamento) VALUES ('18280804','Calle ALTO DEL CARMEN');
INSERT INTO supervisor_departamento (ref_supervisado,ref_departamento) VALUES ('18280805','Calle ALTO HOSPICIO');
INSERT INTO supervisor_departamento (ref_supervisado,ref_departamento) VALUES ('18280806','Calle ANCUD');
INSERT INTO supervisor_departamento (ref_supervisado,ref_departamento) VALUES ('18280807','Calle ANDACOLLO');
INSERT INTO supervisor_departamento (ref_supervisado,ref_departamento) VALUES ('18280808','Calle ANGOL');
INSERT INTO supervisor_departamento (ref_supervisado,ref_departamento) VALUES ('18280809','Calle ANTARTICA');
INSERT INTO supervisor_departamento (ref_supervisado,ref_departamento) VALUES ('18280810','Calle ANTOFAGASTA');
INSERT INTO supervisor_departamento (ref_supervisado,ref_departamento) VALUES ('18280811','Calle ANTUCO');
INSERT INTO supervisor_departamento (ref_supervisado,ref_departamento) VALUES ('18280812','Calle ARAUCO');
INSERT INTO supervisor_departamento (ref_supervisado,ref_departamento) VALUES ('18280813','Calle ARICA');
INSERT INTO supervisor_departamento (ref_supervisado,ref_departamento) VALUES ('18280814','Calle BUIN');
INSERT INTO supervisor_departamento (ref_supervisado,ref_departamento) VALUES ('18280815','Calle BULNES');
INSERT INTO supervisor_departamento (ref_supervisado,ref_departamento) VALUES ('18280816','Calle CABILDO');
INSERT INTO supervisor_departamento (ref_supervisado,ref_departamento) VALUES ('18280817','Calle CABRERO');
INSERT INTO supervisor_departamento (ref_supervisado,ref_departamento) VALUES ('18280818','Calle CALAMA');
INSERT INTO supervisor_departamento (ref_supervisado,ref_departamento) VALUES ('18280819','Calle CALBUCO');

INSERT INTO familiar (nombre,numero,ref_repartidor) VALUES ('JESUS QUEZADA PRIETO','66666666','18280900');
INSERT INTO familiar (nombre,numero,ref_repartidor) VALUES ('ANTONIA ROMERO GARCIA','66666667','18280901');
INSERT INTO familiar (nombre,numero,ref_repartidor) VALUES ('JUAN DOMINGUEZ VAZQUEZ','66666668','18280902');
INSERT INTO familiar (nombre,numero,ref_repartidor) VALUES ('MANUEL AGUILAR CRUZ','66666669','18280903');
INSERT INTO familiar (nombre,numero,ref_repartidor) VALUES ('DAVID MARQUEZ MONTERO','66666670','18280904');
INSERT INTO familiar (nombre,numero,ref_repartidor) VALUES ('MIGUEL ANGEL CASTILLO GUERRERO','66666671','18280905');
INSERT INTO familiar (nombre,numero,ref_repartidor) VALUES ('JOSE MARIA ALVAREZ LOZANO','66666672','18280906');
INSERT INTO familiar (nombre,numero,ref_repartidor) VALUES ('MIGUEL REYES CAMPOS','66666673','18280907');
INSERT INTO familiar (nombre,numero,ref_repartidor) VALUES ('JOSE LUIS MORENO BLANCO','66666674','18280908');
INSERT INTO familiar (nombre,numero,ref_repartidor) VALUES ('MIGUEL DIAZ DOMINGUEZ','66666675','18280909');
INSERT INTO familiar (nombre,numero,ref_repartidor) VALUES ('FRANCISCA PASCUAL GIL','66666676','18280910');
INSERT INTO familiar (nombre,numero,ref_repartidor) VALUES ('MIGUEL ANGEL ROMERO GALLEGO','66666677','18280911');
INSERT INTO familiar (nombre,numero,ref_repartidor) VALUES ('MARIA LARAS RODRIGUEZ','66666678','18280912');
INSERT INTO familiar (nombre,numero,ref_repartidor) VALUES ('CRISTINA FLORES RUBIO','66666679','18280913');
INSERT INTO familiar (nombre,numero,ref_repartidor) VALUES ('MARIA DOLORES DIAZ RUBIO','66666680','18280914');
INSERT INTO familiar (nombre,numero,ref_repartidor) VALUES ('MARIA ANGELES CABRERA FERRER','66666681','18280915');
INSERT INTO familiar (nombre,numero,ref_repartidor) VALUES ('MARIA ANGELES MUÃ‘OZ CABALLERO','66666682','18280916');
INSERT INTO familiar (nombre,numero,ref_repartidor) VALUES ('ISABEL RUBIO GONZALEZ','66666683','18280917');
INSERT INTO familiar (nombre,numero,ref_repartidor) VALUES ('MARIA CARMEN MARQUEZ DIEZ','66666684','18280918');
INSERT INTO familiar (nombre,numero,ref_repartidor) VALUES ('DANIEL GIMENEZ GOMEZ','66666685','18280919');

INSERT INTO cliente (rut,nombre,direccion) VALUES ('18280940','RAFAEL SANZ GARRIDO','Calle Tortel #930');
INSERT INTO cliente (rut,nombre,direccion) VALUES ('18280941','MARIA CARMEN MORENO CASTILLO','Calle Chanco #688');
INSERT INTO cliente (rut,nombre,direccion) VALUES ('18280942','CARLOS GIL RAMIREZ','Calle Cauquenes #843');
INSERT INTO cliente (rut,nombre,direccion) VALUES ('18280943','CARLOS RUBIO MARIN','Calle Putaendo #379');
INSERT INTO cliente (rut,nombre,direccion) VALUES ('18280944','FERNANDO RAMIREZ DELGADO','Calle Ránquil #553');
INSERT INTO cliente (rut,nombre,direccion) VALUES ('18280945','JESUS ALONSO SANCHEZ','Calle Puerto Octay #595');
INSERT INTO cliente (rut,nombre,direccion) VALUES ('18280946','PEDRO LARAS RAMOS','Calle Santiago #883');
INSERT INTO cliente (rut,nombre,direccion) VALUES ('18280947','JOSE LUIS CARRASCO MORALES','Calle Hualpén #958');
INSERT INTO cliente (rut,nombre,direccion) VALUES ('18280948','JOSE PASCUAL DELGADO','Calle Arica #591');
INSERT INTO cliente (rut,nombre,direccion) VALUES ('18280949','MARTA FLORES LARAS','Calle San Pedro de Atacama #700');
INSERT INTO cliente (rut,nombre,direccion) VALUES ('18280950','MIGUEL HERRERA SERRANO','Calle Nacimiento #396');
INSERT INTO cliente (rut,nombre,direccion) VALUES ('18280951','JESUS HERRERA SERRANO','Calle Cobquecura #746');
INSERT INTO cliente (rut,nombre,direccion) VALUES ('18280952','MARIA JOSE LOZANO RUIZ','Calle Puerto Montt #761');
INSERT INTO cliente (rut,nombre,direccion) VALUES ('18280953','FRANCISCO JAVIER DELGADO TORRES','Calle La Serena #706');
INSERT INTO cliente (rut,nombre,direccion) VALUES ('18280954','ANGEL IGLESIAS ALONSO','Calle Ñiquén #742');
INSERT INTO cliente (rut,nombre,direccion) VALUES ('18280955','MIGUEL MEDINA ORTIZ','Calle Quinchao #65');
INSERT INTO cliente (rut,nombre,direccion) VALUES ('18280956','MARIA JOSE GARCIA LOPEZ','Calle Río Bueno #884');
INSERT INTO cliente (rut,nombre,direccion) VALUES ('18280957','FERNANDO NIETO FERRER','Calle Panquehue #808');
INSERT INTO cliente (rut,nombre,direccion) VALUES ('18280958','MARIA CARMEN MORALES SERRANO','Calle Coinco #882');
INSERT INTO cliente (rut,nombre,direccion) VALUES ('18280959','JOSE MARIA MOLINA RUIZ','Calle Buin #326');

INSERT INTO destinatario (rut,nombre_pila,apellido) VALUES ('18280960','DANIEL','CABALLERO HIDALGO');
INSERT INTO destinatario (rut,nombre_pila,apellido) VALUES ('18280961','CRISTINA','SANTANA DIAZ');
INSERT INTO destinatario (rut,nombre_pila,apellido) VALUES ('18280962','CARMEN','GOMEZ MARTINEZ');
INSERT INTO destinatario (rut,nombre_pila,apellido) VALUES ('18280963','FERNANDO','LARAS AGUILAR');
INSERT INTO destinatario (rut,nombre_pila,apellido) VALUES ('18280964','CARMEN','CABRERA MARTINEZ');
INSERT INTO destinatario (rut,nombre_pila,apellido) VALUES ('18280965','PILAR','FERNANDEZ CASTILLO');
INSERT INTO destinatario (rut,nombre_pila,apellido) VALUES ('18280966','LAURA','GIL GIL');
INSERT INTO destinatario (rut,nombre_pila,apellido) VALUES ('18280967','JESUS','CABRERA ALVAREZ');
INSERT INTO destinatario (rut,nombre_pila,apellido) VALUES ('18280968','CRISTINA','CRUZ CANO');
INSERT INTO destinatario (rut,nombre_pila,apellido) VALUES ('18280969','PEDRO','HERRERO CALVO');
INSERT INTO destinatario (rut,nombre_pila,apellido) VALUES ('18280970','JUAN','MORALES FERRER');
INSERT INTO destinatario (rut,nombre_pila,apellido) VALUES ('18280971','MIGUEL','SANZ CORTES');
INSERT INTO destinatario (rut,nombre_pila,apellido) VALUES ('18280972','JUAN','MARTIN VAZQUEZ');
INSERT INTO destinatario (rut,nombre_pila,apellido) VALUES ('18280973','ANGEL','SANZ GIMENEZ');
INSERT INTO destinatario (rut,nombre_pila,apellido) VALUES ('18280974','SERGIO','ORTEGA DOMINGUEZ');
INSERT INTO destinatario (rut,nombre_pila,apellido) VALUES ('18280975','DAVID','GUERRERO RUIZ');
INSERT INTO destinatario (rut,nombre_pila,apellido) VALUES ('18280976','LAURA','GIMENEZ IGLESIAS');
INSERT INTO destinatario (rut,nombre_pila,apellido) VALUES ('18280977','MARIA','GARCIA MOLINA');
INSERT INTO destinatario (rut,nombre_pila,apellido) VALUES ('18280978','MARIA PILAR','CALVO SANTOS');
INSERT INTO destinatario (rut,nombre_pila,apellido) VALUES ('18280979','MARIA DOLORES','ROMERO NIETO');

INSERT INTO pago (numero_transaccion,ref_cajero,ref_cliente) VALUES (0,'18280881','18280941');
INSERT INTO efectivo (numero_serie,ref_pago) VALUES (1032,0);
INSERT INTO pago (numero_transaccion,ref_cajero,ref_cliente) VALUES (1,'18280893','18280953');
INSERT INTO credito (numero_tarjeta,numero_cuota,ref_pago) VALUES (4785,4,1);
INSERT INTO pago (numero_transaccion,ref_cajero,ref_cliente) VALUES (2,'18280883','18280943');
INSERT INTO efectivo (numero_serie,ref_pago) VALUES (2809,2);
INSERT INTO pago (numero_transaccion,ref_cajero,ref_cliente) VALUES (3,'18280895','18280955');
INSERT INTO credito (numero_tarjeta,numero_cuota,ref_pago) VALUES (4567,4,3);
INSERT INTO pago (numero_transaccion,ref_cajero,ref_cliente) VALUES (4,'18280891','18280951');
INSERT INTO credito (numero_tarjeta,numero_cuota,ref_pago) VALUES (5740,2,4);
INSERT INTO pago (numero_transaccion,ref_cajero,ref_cliente) VALUES (5,'18280892','18280952');
INSERT INTO efectivo (numero_serie,ref_pago) VALUES (2763,5);
INSERT INTO pago (numero_transaccion,ref_cajero,ref_cliente) VALUES (6,'18280893','18280953');
INSERT INTO efectivo (numero_serie,ref_pago) VALUES (6948,6);
INSERT INTO pago (numero_transaccion,ref_cajero,ref_cliente) VALUES (7,'18280892','18280952');
INSERT INTO credito (numero_tarjeta,numero_cuota,ref_pago) VALUES (6144,4,7);
INSERT INTO pago (numero_transaccion,ref_cajero,ref_cliente) VALUES (8,'18280896','18280956');
INSERT INTO credito (numero_tarjeta,numero_cuota,ref_pago) VALUES (5674,3,8);
INSERT INTO pago (numero_transaccion,ref_cajero,ref_cliente) VALUES (9,'18280894','18280954');
INSERT INTO credito (numero_tarjeta,numero_cuota,ref_pago) VALUES (4768,4,9);
INSERT INTO pago (numero_transaccion,ref_cajero,ref_cliente) VALUES (10,'18280899','18280959');
INSERT INTO efectivo (numero_serie,ref_pago) VALUES (6535,10);
INSERT INTO pago (numero_transaccion,ref_cajero,ref_cliente) VALUES (11,'18280884','18280944');
INSERT INTO credito (numero_tarjeta,numero_cuota,ref_pago) VALUES (5257,2,11);
INSERT INTO pago (numero_transaccion,ref_cajero,ref_cliente) VALUES (12,'18280899','18280959');
INSERT INTO credito (numero_tarjeta,numero_cuota,ref_pago) VALUES (5064,2,12);
INSERT INTO pago (numero_transaccion,ref_cajero,ref_cliente) VALUES (13,'18280881','18280941');
INSERT INTO credito (numero_tarjeta,numero_cuota,ref_pago) VALUES (8542,5,13);
INSERT INTO pago (numero_transaccion,ref_cajero,ref_cliente) VALUES (14,'18280882','18280942');
INSERT INTO efectivo (numero_serie,ref_pago) VALUES (7232,14);
INSERT INTO pago (numero_transaccion,ref_cajero,ref_cliente) VALUES (15,'18280887','18280947');
INSERT INTO credito (numero_tarjeta,numero_cuota,ref_pago) VALUES (1051,5,15);
INSERT INTO pago (numero_transaccion,ref_cajero,ref_cliente) VALUES (16,'18280890','18280950');
INSERT INTO credito (numero_tarjeta,numero_cuota,ref_pago) VALUES (3500,3,16);
INSERT INTO pago (numero_transaccion,ref_cajero,ref_cliente) VALUES (17,'18280880','18280940');
INSERT INTO credito (numero_tarjeta,numero_cuota,ref_pago) VALUES (6358,4,17);
INSERT INTO pago (numero_transaccion,ref_cajero,ref_cliente) VALUES (18,'18280880','18280940');
INSERT INTO efectivo (numero_serie,ref_pago) VALUES (6031,18);
INSERT INTO pago (numero_transaccion,ref_cajero,ref_cliente) VALUES (19,'18280897','18280957');
INSERT INTO credito (numero_tarjeta,numero_cuota,ref_pago) VALUES (6781,2,19);
INSERT INTO pago (numero_transaccion,ref_cajero,ref_cliente) VALUES (20,'18280888','18280948');
INSERT INTO credito (numero_tarjeta,numero_cuota,ref_pago) VALUES (1304,4,20);
INSERT INTO pago (numero_transaccion,ref_cajero,ref_cliente) VALUES (21,'18280885','18280945');
INSERT INTO efectivo (numero_serie,ref_pago) VALUES (5617,21);
INSERT INTO pago (numero_transaccion,ref_cajero,ref_cliente) VALUES (22,'18280889','18280949');
INSERT INTO credito (numero_tarjeta,numero_cuota,ref_pago) VALUES (1902,3,22);
INSERT INTO pago (numero_transaccion,ref_cajero,ref_cliente) VALUES (23,'18280894','18280954');
INSERT INTO efectivo (numero_serie,ref_pago) VALUES (3398,23);
INSERT INTO pago (numero_transaccion,ref_cajero,ref_cliente) VALUES (24,'18280898','18280958');
INSERT INTO efectivo (numero_serie,ref_pago) VALUES (5304,24);
INSERT INTO pago (numero_transaccion,ref_cajero,ref_cliente) VALUES (25,'18280896','18280956');
INSERT INTO efectivo (numero_serie,ref_pago) VALUES (3238,25);
INSERT INTO pago (numero_transaccion,ref_cajero,ref_cliente) VALUES (26,'18280885','18280945');
INSERT INTO credito (numero_tarjeta,numero_cuota,ref_pago) VALUES (7376,5,26);
INSERT INTO pago (numero_transaccion,ref_cajero,ref_cliente) VALUES (27,'18280884','18280944');
INSERT INTO efectivo (numero_serie,ref_pago) VALUES (224,27);
INSERT INTO pago (numero_transaccion,ref_cajero,ref_cliente) VALUES (28,'18280891','18280951');
INSERT INTO efectivo (numero_serie,ref_pago) VALUES (7390,28);
INSERT INTO pago (numero_transaccion,ref_cajero,ref_cliente) VALUES (29,'18280888','18280948');
INSERT INTO efectivo (numero_serie,ref_pago) VALUES (378,29);
INSERT INTO pago (numero_transaccion,ref_cajero,ref_cliente) VALUES (30,'18280889','18280949');
INSERT INTO efectivo (numero_serie,ref_pago) VALUES (4854,30);
INSERT INTO pago (numero_transaccion,ref_cajero,ref_cliente) VALUES (31,'18280898','18280958');
INSERT INTO credito (numero_tarjeta,numero_cuota,ref_pago) VALUES (5933,4,31);
INSERT INTO pago (numero_transaccion,ref_cajero,ref_cliente) VALUES (32,'18280882','18280942');
INSERT INTO credito (numero_tarjeta,numero_cuota,ref_pago) VALUES (5655,1,32);
INSERT INTO pago (numero_transaccion,ref_cajero,ref_cliente) VALUES (33,'18280883','18280943');
INSERT INTO credito (numero_tarjeta,numero_cuota,ref_pago) VALUES (4053,5,33);
INSERT INTO pago (numero_transaccion,ref_cajero,ref_cliente) VALUES (34,'18280887','18280947');
INSERT INTO efectivo (numero_serie,ref_pago) VALUES (1021,34);
INSERT INTO pago (numero_transaccion,ref_cajero,ref_cliente) VALUES (35,'18280895','18280955');
INSERT INTO efectivo (numero_serie,ref_pago) VALUES (1081,35);
INSERT INTO pago (numero_transaccion,ref_cajero,ref_cliente) VALUES (36,'18280886','18280946');
INSERT INTO credito (numero_tarjeta,numero_cuota,ref_pago) VALUES (4353,3,36);
INSERT INTO pago (numero_transaccion,ref_cajero,ref_cliente) VALUES (37,'18280897','18280957');
INSERT INTO efectivo (numero_serie,ref_pago) VALUES (5880,37);
INSERT INTO pago (numero_transaccion,ref_cajero,ref_cliente) VALUES (38,'18280886','18280946');
INSERT INTO efectivo (numero_serie,ref_pago) VALUES (1897,38);
INSERT INTO pago (numero_transaccion,ref_cajero,ref_cliente) VALUES (39,'18280890','18280950');
INSERT INTO efectivo (numero_serie,ref_pago) VALUES (7352,39);

INSERT INTO carta (codigo,codigo_postal,fecha_entrega,nombre_destinatario,direccion_destinatario,ref_departamento,ref_repartidor) VALUES (0,6000000,'2018-06-03','DANIEL','Calle Cartagena #200','Calle AISEN','18280900');
INSERT INTO carta (codigo,codigo_postal,fecha_entrega,nombre_destinatario,direccion_destinatario,ref_departamento,ref_repartidor) VALUES (1,2710000,'2018-06-03','CRISTINA','Calle Romeral #780','Calle ALGARROBO','18280901');
INSERT INTO carta (codigo,codigo_postal,fecha_entrega,nombre_destinatario,direccion_destinatario,ref_departamento,ref_repartidor) VALUES (2,9650000,'2018-06-03','CARMEN','Calle San Ramón #247','Calle ALHUE','18280902');
INSERT INTO carta (codigo,codigo_postal,fecha_entrega,nombre_destinatario,direccion_destinatario,ref_departamento,ref_repartidor) VALUES (3,4590000,'2018-06-03','FERNANDO','Calle San Carlos #567','Calle ALTO BIOBIO','18280903');
INSERT INTO carta (codigo,codigo_postal,fecha_entrega,nombre_destinatario,direccion_destinatario,ref_departamento,ref_repartidor) VALUES (4,1650000,'2018-06-03','CARMEN','Calle Conchalí #424','Calle ALTO DEL CARMEN','18280904');
INSERT INTO carta (codigo,codigo_postal,fecha_entrega,nombre_destinatario,direccion_destinatario,ref_departamento,ref_repartidor) VALUES (5,1130000,'2018-06-03','PILAR','Calle Lautaro #492','Calle ALTO HOSPICIO','18280905');
INSERT INTO carta (codigo,codigo_postal,fecha_entrega,nombre_destinatario,direccion_destinatario,ref_departamento,ref_repartidor) VALUES (6,5710000,'2018-06-03','LAURA','Calle Lo Espejo #967','Calle ANCUD','18280906');
INSERT INTO carta (codigo,codigo_postal,fecha_entrega,nombre_destinatario,direccion_destinatario,ref_departamento,ref_repartidor) VALUES (7,1750000,'2018-06-03','JESUS','Calle Rauco #637','Calle ANDACOLLO','18280907');
INSERT INTO carta (codigo,codigo_postal,fecha_entrega,nombre_destinatario,direccion_destinatario,ref_departamento,ref_repartidor) VALUES (8,4650000,'2018-06-03','CRISTINA','Calle Chépica #480','Calle ANGOL','18280908');
INSERT INTO carta (codigo,codigo_postal,fecha_entrega,nombre_destinatario,direccion_destinatario,ref_departamento,ref_repartidor) VALUES (9,6360000,'2018-06-03','PEDRO','Calle Collipulli #809','Calle ANTARTICA','18280909');
INSERT INTO carta (codigo,codigo_postal,fecha_entrega,nombre_destinatario,direccion_destinatario,ref_departamento,ref_repartidor) VALUES (10,1240000,'2018-06-03','JUAN','Calle Cochamó #623','Calle ANTOFAGASTA','18280910');
INSERT INTO carta (codigo,codigo_postal,fecha_entrega,nombre_destinatario,direccion_destinatario,ref_departamento,ref_repartidor) VALUES (11,4490000,'2018-06-03','MIGUEL','Calle Conchalí #162','Calle ANTUCO','18280911');
INSERT INTO carta (codigo,codigo_postal,fecha_entrega,nombre_destinatario,direccion_destinatario,ref_departamento,ref_repartidor) VALUES (12,4360000,'2018-06-03','JUAN','Calle Pozo Almonte #169','Calle ARAUCO','18280912');
INSERT INTO carta (codigo,codigo_postal,fecha_entrega,nombre_destinatario,direccion_destinatario,ref_departamento,ref_repartidor) VALUES (13,1000000,'2018-06-03','ANGEL','Calle Las Condes #956','Calle ARICA','18280913');
INSERT INTO carta (codigo,codigo_postal,fecha_entrega,nombre_destinatario,direccion_destinatario,ref_departamento,ref_repartidor) VALUES (14,9500000,'2018-06-03','SERGIO','Calle Traiguén #400','Calle BUIN','18280914');
INSERT INTO carta (codigo,codigo_postal,fecha_entrega,nombre_destinatario,direccion_destinatario,ref_departamento,ref_repartidor) VALUES (15,3930000,'2018-06-03','DAVID','Calle Papudo #996','Calle BULNES','18280915');
INSERT INTO carta (codigo,codigo_postal,fecha_entrega,nombre_destinatario,direccion_destinatario,ref_departamento,ref_repartidor) VALUES (16,2050000,'2018-06-03','LAURA','Calle San Joaquín #178','Calle CABILDO','18280916');
INSERT INTO carta (codigo,codigo_postal,fecha_entrega,nombre_destinatario,direccion_destinatario,ref_departamento,ref_repartidor) VALUES (17,4470000,'2018-06-03','MARIA','Calle San Rafael #526','Calle CABRERO','18280917');
INSERT INTO carta (codigo,codigo_postal,fecha_entrega,nombre_destinatario,direccion_destinatario,ref_departamento,ref_repartidor) VALUES (18,1390000,'2018-06-03','MARIA PILAR','Calle El Quisco #584','Calle CALAMA','18280918');
INSERT INTO carta (codigo,codigo_postal,fecha_entrega,nombre_destinatario,direccion_destinatario,ref_departamento,ref_repartidor) VALUES (19,5570000,'2018-06-03','MARIA DOLORES','Calle San Vicente #896','Calle CALBUCO','18280919');

INSERT INTO carta_destinatario (ref_carta,ref_destinatario,firma,fecha_entrega) VALUES (0,'18280960','/../../Firma 0.png','2018-06-03');
INSERT INTO carta_destinatario (ref_carta,ref_destinatario,firma,fecha_entrega) VALUES (1,'18280961','/../../Firma 1.png','2018-06-03');
INSERT INTO carta_destinatario (ref_carta,ref_destinatario,firma,fecha_entrega) VALUES (2,'18280962','/../../Firma 2.png','2018-06-03');
INSERT INTO carta_destinatario (ref_carta,ref_destinatario,firma,fecha_entrega) VALUES (3,'18280963','/../../Firma 3.png','2018-06-03');
INSERT INTO carta_destinatario (ref_carta,ref_destinatario,firma,fecha_entrega) VALUES (4,'18280964','/../../Firma 4.png','2018-06-03');
INSERT INTO carta_destinatario (ref_carta,ref_destinatario,firma,fecha_entrega) VALUES (5,'18280965','/../../Firma 5.png','2018-06-03');
INSERT INTO carta_destinatario (ref_carta,ref_destinatario,firma,fecha_entrega) VALUES (6,'18280966','/../../Firma 6.png','2018-06-03');
INSERT INTO carta_destinatario (ref_carta,ref_destinatario,firma,fecha_entrega) VALUES (7,'18280967','/../../Firma 7.png','2018-06-03');
INSERT INTO carta_destinatario (ref_carta,ref_destinatario,firma,fecha_entrega) VALUES (8,'18280968','/../../Firma 8.png','2018-06-03');
INSERT INTO carta_destinatario (ref_carta,ref_destinatario,firma,fecha_entrega) VALUES (9,'18280969','/../../Firma 9.png','2018-06-03');
INSERT INTO carta_destinatario (ref_carta,ref_destinatario,firma,fecha_entrega) VALUES (10,'18280970','/../../Firma 10.png','2018-06-03');
INSERT INTO carta_destinatario (ref_carta,ref_destinatario,firma,fecha_entrega) VALUES (11,'18280971','/../../Firma 11.png','2018-06-03');
INSERT INTO carta_destinatario (ref_carta,ref_destinatario,firma,fecha_entrega) VALUES (12,'18280972','/../../Firma 12.png','2018-06-03');
INSERT INTO carta_destinatario (ref_carta,ref_destinatario,firma,fecha_entrega) VALUES (13,'18280973','/../../Firma 13.png','2018-06-03');
INSERT INTO carta_destinatario (ref_carta,ref_destinatario,firma,fecha_entrega) VALUES (14,'18280974','/../../Firma 14.png','2018-06-03');
INSERT INTO carta_destinatario (ref_carta,ref_destinatario,firma,fecha_entrega) VALUES (15,'18280975','/../../Firma 15.png','2018-06-03');
INSERT INTO carta_destinatario (ref_carta,ref_destinatario,firma,fecha_entrega) VALUES (16,'18280976','/../../Firma 16.png','2018-06-03');
INSERT INTO carta_destinatario (ref_carta,ref_destinatario,firma,fecha_entrega) VALUES (17,'18280977','/../../Firma 17.png','2018-06-03');
INSERT INTO carta_destinatario (ref_carta,ref_destinatario,firma,fecha_entrega) VALUES (18,'18280978','/../../Firma 18.png','2018-06-03');
INSERT INTO carta_destinatario (ref_carta,ref_destinatario,firma,fecha_entrega) VALUES (19,'18280979','/../../Firma 19.png','2018-06-03');

delete from departamento
where direccion = 'Calle CALERA DE TANGO';

delete from cliente
where rut = '18280941';

delete from empleado
where rut = '18280802';

delete from supervisor
where ref_empleado = '18280819';

delete from repartidor
where ref_empleado = '18280918';

delete from bodeguero
where ref_empleado = '18280858';

delete from distribuidor
where ref_empleado = '18280876';

delete from recepcionista
where ref_empleado = '18280835';

delete from cajero
where ref_empleado = '18280893';

delete from familiar
where numero = '66666666';

delete from pago
where numero_transaccion = '39';

delete from efectivo
where ref_pago = '38';

delete from credito
where ref_pago = '37';

delete from destinatario
where rut = '18280979';

delete from carta
where codigo = '18';

delete from carta_destinatario
where ref_destinatario = '17';

delete from supervisor_departamento
where ref_departamento = 'Calle CARAHUE';


update departamento
set codigo_postal = '1960099'
where  direccion = 'Calle CANELA';

update cliente
set  nombre = 'IGNACIO RAMOS'  
where rut = '18280946';

update empleado
set  sexo = 'F'  
where rut = '18280800';


update familiar 
set  numero = '8888888'
where ref_repartidor = '18280900';


update destinatario   
set  nombre_pila = 'MARGARITA'
where rut = '18280968';

update carta  
set fecha_entrega = '2018-07-05'
where codigo = '8';


update carta_destinatario   
set  fecha_entrega = '2018-02-22'
where ref_destinatario = '18280960';


	
